{
    "atomic_metrics": {
        "labels": [
            "SUPPORTED",
            "INTRINSIC",
            "EXTRINSIC"
        ],
        "confusion_matrix": [
            [
                37,
                11,
                7
            ],
            [
                1,
                15,
                4
            ],
            [
                4,
                5,
                14
            ]
        ],
        "precision_macro": 0.6416077828981055,
        "recall_macro": 0.6771409749670619,
        "f1_macro": 0.6448184084630416
    },
    "binary_metrics": {
        "accuracy": 0.8085106382978723,
        "error_detection_rate": 1.0,
        "false_positive_rate": 0.47368421052631576,
        "f1_binary": 0.8615384615384616
    }
}